name,website,employees,insights,contacts,valid_emails,message,score
Google,http://www.google.com,N/A,"['Focuses on innovative software solutions.', 'Employs a dynamic team of developers.', 'Discusses hardware needs in recent updates.']","{'emails': [], 'phones': []}",[],"Subject: Enhancing Your Development Team's Performance with Custom PC Solutions

Dear Google Team,

As a leader in innovative software solutions, your team's dynamic development capabilities require cutting-edge hardware to drive progress and stay ahead of the curve. Our expertise in designing high-performance computers tailored for development teams can help optimize your workflows, boost productivity, and support your latest updates - from AI research to cloud infrastructure projects. Let's schedule a call to discuss how our custom PCs can address your specific hardware needs.

[Add your contact information and a clearCall-to-Action]

Best regards,
[Your Name]
Founder, Custom Hardware Solutions",79
Amazon,http://www.amazon.com,N/A,"['Focuses on innovative software solutions.', 'Employs a dynamic team of developers.', 'Discusses hardware needs in recent updates.']","{'emails': [], 'phones': []}",[],"Subject: Unlocking Innovative Potential through Custom Hardware Solutions

Dear Amazon Team,

As a leader in innovative software solutions, you likely rely on powerful hardware to drive development efficiency and innovation. Our team at [Store Name] has worked closely with organizations like yours to design high-performance computers tailored for development teams, leveraging cutting-edge components and expert cabling services. We'd love to discuss how our custom PC and server solutions can help augment your recent updates and support your dynamic team's needs.

Would you be open to scheduling a quick call to explore potential opportunities?

Best regards,
[Your Name]
Founder, Custom Hardware Solutions",77
LinkedIn,http://www.linkedin.com,N/A,"['Focuses on innovative software solutions.', 'Employs a dynamic team of developers.', 'Discusses hardware needs in recent updates.']","{'emails': [], 'phones': []}",[],"Subject: Unlock High-Performance Computing Solutions for Your Innovative Software Ventures

Dear LinkedIn Team,

As a fellow innovator in the software solutions space, we've been impressed by your dynamic approach to development and commitment to delivering cutting-edge products. Our team at [Hardware Store Name] has noticed that recent updates have highlighted the importance of reliable hardware to support your innovative endeavors. We believe our custom PC and server solutions can help address these needs, particularly for development teams requiring high-performance computing.

We'd love to explore how our expertise can support your business goals and would be happy to schedule a quick call to discuss further.

[Call-to-action: Schedule a Call]

Best regards,
[Your Name]
Founder, Custom Hardware Solutions",81
Microsoft,http://www.microsoft.com,N/A,"['Focuses on innovative software solutions.', 'Employs a dynamic team of developers.', 'Discusses hardware needs in recent updates.']","{'emails': [], 'phones': []}",[],"Subject: Enhancing Your Development Teams with Custom Hardware Solutions

Dear Microsoft Team,

As we've noticed in recent updates, your focus on innovative software solutions and dedication to empowering your developers through dynamic teams has been inspiring. Our team at [Hardware Store Name] would like to offer our expertise in catering to the unique hardware needs of your development teams, providing high-performance computers tailored to meet their specific requirements. By partnering with us, you can ensure seamless integration between your innovative software and robust hardware infrastructure.

Would you be open to discussing how our custom PC solutions can support your business goals? I'd love to schedule a quick call to explore potential opportunities further.

Best regards,
[Your Name]
Founder, Custom Hardware Solutions",82
TED Conferences,http://www.ted.com,N/A,"['Focuses on innovative software solutions.', 'Employs a dynamic team of developers.', 'Discusses hardware needs in recent updates.']","{'emails': [], 'phones': []}",[],"Subject: Custom PC Solutions for Innovative Software Development Teams

Dear TED Conferences Team,

We've been following your recent updates on innovative software solutions and are impressed by the dynamic team of developers driving your mission forward. Your focus on cutting-edge technology aligns with our expertise in providing high-performance computers tailored to development teams, enabling seamless collaboration and accelerated innovation. We'd love to discuss how our custom PC solutions can support your growing needs.

Would you be open to a quick call to explore how we can help?

[Your company's contact information]

Best regards,
[Your Name]
Founder, Custom Hardware Solutions",84
